1;1;Inception;Leonardo DiCaprio;Christopher Nolan;20;4500;6300;1
2;1;Titanic;Leonardo DiCaprio;James Cameron;20;3000;4200;1
3;1;The Godfather;Marlon Brando;Francis Ford Coppola;20;4000;5600;1
4;1;Pulp Fiction;John Travolta;Quentin Tarantino;20;1540;2156;1
5;1;Forrest Gump;Tom Hanks;Robert Zemeckis;20;1100;1540;1
6;1;The Dark Knight;Christian Bale;Christopher Nolan;20;1540;2156;1
7;1;Gladiator;Russell Crowe;Ridley Scott;20;1540;2156;1
8;1;Avatar;Sam Worthington;James Cameron;20;2600;3640;1
9;1;The Shawshank Redemption;Tim Robbins;Frank Darabont;20;2210;3094;1
10;1;Jurassic Park;Sam Neill;Steven Spielberg;20;2860;4004;1
11;1;Star Wars;Mark Hamill;George Lucas;20;2400;3360;1
12;1;The Matrix;Keanu Reeves;Lana Wachowski;20;1100;1540;1
13;1;Fight Club;Brad Pitt;David Fincher;20;4500;6300;1
14;1;Interstellar;Matthew McConaughey;Christopher Nolan;20;1980;2772;1
15;1;The Silence of the Lambs;Jodie Foster;Jonathan Demme;20;4200;5880;1
16;1;Saving Private Ryan;Tom Hanks;Steven Spielberg;20;1800;2520;1
17;1;The Lord of the Rings: The Fellowship of the Ring;Elijah Wood;Peter Jackson;20;5600;7840;1
18;1;The Lion King;Matthew Broderick;Roger Allers;20;9600;13440;1
19;1;Back to the Future;Michael J. Fox;Robert Zemeckis;20;3850;5390;1
20;1;E.T.;Henry Thomas;Steven Spielberg;20;9600;13440;1
21;1;Inception;Leonardo DiCaprio;Christopher Nolan;20;8000;11200;1
22;1;Titanic;Leonardo DiCaprio;James Cameron;20;3900;5460;1
23;1;The Godfather;Marlon Brando;Francis Ford Coppola;20;4600;6440;1
24;1;Pulp Fiction;John Travolta;Quentin Tarantino;20;1440;2016;1
25;1;Forrest Gump;Tom Hanks;Robert Zemeckis;20;1600;2240;1
26;1;The Dark Knight;Christian Bale;Christopher Nolan;20;900;1260;1
27;1;Gladiator;Russell Crowe;Ridley Scott;20;100;140;1
28;1;Avatar;Sam Worthington;James Cameron;20;162;226,8;1
29;1;The Shawshank Redemption;Tim Robbins;Frank Darabont;20;270;378;1
30;1;Jurassic Park;Sam Neill;Steven Spielberg;20;75;105;1
31;1;Star Wars;Mark Hamill;George Lucas;20;168;235,2;1
32;1;The Matrix;Keanu Reeves;Lana Wachowski;20;1750;2450;1
33;1;Fight Club;Brad Pitt;David Fincher;20;175;245;1
34;1;Interstellar;Matthew McConaughey;Christopher Nolan;20;420;588;1
35;1;The Silence of the Lambs;Jodie Foster;Jonathan Demme;20;3500;4900;1
36;1;Saving Private Ryan;Tom Hanks;Steven Spielberg;20;3550;4970;1
37;1;The Lord of the Rings: The Fellowship of the Ring;Elijah Wood;Peter Jackson;20;3600;5040;1
38;1;The Lion King;Matthew Broderick;Roger Allers;20;3650;5110;1
39;1;Back to the Future;Michael J. Fox;Robert Zemeckis;20;3700;5180;1
40;1;E.T.;Henry Thomas;Steven Spielberg;20;3750;5250;1
41;1;Inception;Leonardo DiCaprio;Christopher Nolan;20;3800;5320;1
42;1;Titanic;Leonardo DiCaprio;James Cameron;20;3850;5390;1
43;1;The Godfather;Marlon Brando;Francis Ford Coppola;20;350;490;1
44;1;Pulp Fiction;John Travolta;Quentin Tarantino;20;370;518;1
45;1;Forrest Gump;Tom Hanks;Robert Zemeckis;20;380;532;1
46;1;The Dark Knight;Christian Bale;Christopher Nolan;20;380;532;1
47;1;Gladiator;Russell Crowe;Ridley Scott;20;480;672;1
48;1;Avatar;Sam Worthington;James Cameron;20;600;840;1
49;1;The Shawshank Redemption;Tim Robbins;Frank Darabont;20;900;1260;1
50;1;Jurassic Park;Sam Neill;Steven Spielberg;20;100;140;1
51;1;Star Wars;Mark Hamill;George Lucas;20;130;182;1
52;1;The Matrix;Keanu Reeves;Lana Wachowski;20;770;1078;1
53;1;Fight Club;Brad Pitt;David Fincher;20;660;924;1
54;1;Interstellar;Matthew McConaughey;Christopher Nolan;20;400;560;1
55;1;The Silence of the Lambs;Jodie Foster;Jonathan Demme;20;450;630;1
56;1;Saving Private Ryan;Tom Hanks;Steven Spielberg;20;580;812;1
57;1;The Lord of the Rings: The Fellowship of the Ring;Elijah Wood;Peter Jackson;20;420;588;1
58;1;The Lion King;Matthew Broderick;Roger Allers;20;140;196;1
59;1;Back to the Future;Michael J. Fox;Robert Zemeckis;20;930;1302;1
60;1;E.T.;Henry Thomas;Steven Spielberg;20;930;1302;1
61;1;Inception;Leonardo DiCaprio;Christopher Nolan;20;930;1302;1
62;1;Titanic;Leonardo DiCaprio;James Cameron;20;930;1302;1
63;1;The Godfather;Marlon Brando;Francis Ford Coppola;20;930;1302;1
64;1;Pulp Fiction;John Travolta;Quentin Tarantino;20;930;1302;1
65;1;Forrest Gump;Tom Hanks;Robert Zemeckis;20;930;1302;1
66;1;The Dark Knight;Christian Bale;Christopher Nolan;20;930;1302;1
67;1;Gladiator;Russell Crowe;Ridley Scott;20;930;1302;1
68;1;Avatar;Sam Worthington;James Cameron;20;930;1302;1
69;1;The Shawshank Redemption;Tim Robbins;Frank Darabont;20;930;1302;1
70;1;Jurassic Park;Sam Neill;Steven Spielberg;20;930;1302;1
71;1;Star Wars;Mark Hamill;George Lucas;20;930;1302;1
72;1;The Matrix;Keanu Reeves;Lana Wachowski;20;930;1302;1
73;1;Fight Club;Brad Pitt;David Fincher;20;930;1302;1
74;1;Interstellar;Matthew McConaughey;Christopher Nolan;20;930;1302;1
75;1;The Silence of the Lambs;Jodie Foster;Jonathan Demme;20;930;1302;1
76;1;Saving Private Ryan;Tom Hanks;Steven Spielberg;20;930;1302;1
77;1;The Lord of the Rings: The Fellowship of the Ring;Elijah Wood;Peter Jackson;20;930;1302;1
78;1;The Lion King;Matthew Broderick;Roger Allers;20;930;1302;1
79;1;Back to the Future;Michael J. Fox;Robert Zemeckis;20;930;1302;1
80;1;E.T.;Henry Thomas;Steven Spielberg;20;930;1302;1
81;1;Inception;Leonardo DiCaprio;Christopher Nolan;20;930;1302;1
82;1;Titanic;Leonardo DiCaprio;James Cameron;20;930;1302;1
83;1;The Godfather;Marlon Brando;Francis Ford Coppola;20;930;1302;1
84;1;Pulp Fiction;John Travolta;Quentin Tarantino;20;930;1302;1
85;1;Forrest Gump;Tom Hanks;Robert Zemeckis;20;930;1302;1
86;1;The Dark Knight;Christian Bale;Christopher Nolan;20;930;1302;1
87;1;Gladiator;Russell Crowe;Ridley Scott;20;930;1302;1
88;1;Avatar;Sam Worthington;James Cameron;20;930;1302;1
89;1;The Shawshank Redemption;Tim Robbins;Frank Darabont;20;930;1302;1
90;1;Jurassic Park;Sam Neill;Steven Spielberg;20;930;1302;1
91;1;Star Wars;Mark Hamill;George Lucas;20;930;1302;1
92;1;The Matrix;Keanu Reeves;Lana Wachowski;20;930;1302;1
93;1;Fight Club;Brad Pitt;David Fincher;20;930;1302;1
94;1;Interstellar;Matthew McConaughey;Christopher Nolan;20;930;1302;1
95;1;The Silence of the Lambs;Jodie Foster;Jonathan Demme;20;930;1302;1
96;1;Saving Private Ryan;Tom Hanks;Steven Spielberg;20;930;1302;1
97;1;The Lord of the Rings: The Fellowship of the Ring;Elijah Wood;Peter Jackson;20;930;1302;1
98;1;The Lion King;Matthew Broderick;Roger Allers;20;930;1302;1
99;1;Back to the Future;Michael J. Fox;Robert Zemeckis;20;930;1302;1
100;1;E.T.;Henry Thomas;Steven Spielberg;20;930;1302;1
101;1;Inception;Leonardo DiCaprio;Christopher Nolan;20;930;1302;1
102;1;Titanic;Leonardo DiCaprio;James Cameron;20;930;1302;1
103;1;The Godfather;Marlon Brando;Francis Ford Coppola;20;930;1302;1
104;1;Pulp Fiction;John Travolta;Quentin Tarantino;20;930;1302;1
